Abbott
Abraham,Abe
Adam
Adrian
Alan,Al
Albert,Al,Bert,Bertie
Alexander,Alex,Alec
Alfred,Alf,Alfie,Fred
Alistair
Alton
Andrew,Andy
Anthony,Ant,Tony
Arnold,Arnie
Arthur,Art
Asher,Ash
Ashley,Ash
Austin
Bailey
Baldwin
Barnabas,Barney,5
Barnaby,Barney,5
Barry
Bartholomew,Bart,5
Basil
Benedict,Ben,Benny
Benjamin,Ben,Benny
Bernard,Bernie
Blake
Bradley,Brad
Brian
Bruce
Byron
Callum,Cal
Casper,2
Cecil
Cedric
Charles,Charlie,400
Christian,Chris
Christopher,Chris,Chris,Chris,Kit,400
Clarence
Clayton,Clay
Clifford,Clifford
Colin,Col
Conrad
Craig
Curtis,Curt
Cuthbert,Bert,Bertie
Cyril
Dale
Damien
Damon
Daniel,Dan,Danny
Darren
David,Dave,Davy,400
Dean
Dennis,Den
Denton,Den
Derek
Dewey
Dexter,Dex
Digby
Dominic,Dom
Donald,Don,Donnie
Douglas,Doug
Duncan,Dunc
Dustin
Dwight
Earl
Ebenezer
Edgar,Ed,Eddy,Ned
Edmund,Ed,Eddy,Ned
Edward,Ed,Eddy,Ned,400
Edwin,Ed,Eddy,Ned
Elias
Elijah
Elliot
Elmer
Emmett
Eric
Ernest,Ernie
Errol
Esmond
Everard
Ezra,2
Fabian
Francis,Frank,400
Franklin,Frank
Freeman
Garfield
Garret
Gary
Geoffrey,Geoff
George,400
Gerard,Jerry
Gilbert,Bert,Bertie
Giles
Graham
Grant
Gregory,Greg
Guy
Guybrush,Guy,1
Harper
Hector
Henry,Harry,400
Herman
Homer,2
Horatio,Horry
Hugh
Humphrey
Ian
Ingram
Isaac,Ike
Isaiah,5
Jack,200
Jacob,Jake
James,Jim,Jimmy,Jamie,400
Jason
Jasper
Jeffrey,Jeff
Jeremy
Jesse,5
John,Johnny,600
Jonah,2
Jonas,2
Jonathan,Jon,Jonny
Joseph,Joe,Joey
Joshamee,Josh,2
Joshua,Josh
Josiah,5
Jude
Julian
Kemp
Kenneth,Ken,Kenny
Kent,5
Kevin,Kev
Keziah,Kez
Kit
Laurence
Lawrence
Lee
Leland
Lenny
Leonard,Len,Lenny
Lesley,Les
Lester
Lewis,Lew,Lewie
Lincoln
Lloyd
Louis,Lou,Lewie
Luke
Lyle
Malachi,1
Mancomb,1
Malcolm,Malc
Marcus,Marc
Mark,150
Martin,Marty,Mart
Matthew,Matt,Matty,400
Maxim
Maximilian,Max,5
Michael,Mike,Mikey,Mick,Mickey,400
Miles
Montgomery,Monty
Oliver,Ollie
Oscar
Otis,2
Patrick,Pat,Paddy
Paul,200
Peter,Pete,400
Peyton
Philip,Phil
Pierce
Ralph,Rafe
Raphael,Raph
Raymond,Ray
Reginald,Reg
Rex
Rhys
Richard,Rick,Rich,Dick,Ricky,Dicky,100
Robert,Rob,Bob,Robbie,Bobby,400
Robin,Rob
Ronald,Ron,Ronnie
Ross
Roy
Rupert
Samuel,Sam,Sammy
Scott,Scotty
Sean
Sebastian,Seb
Shaun
Sidney,Sid,2
Silvester,Fester,Silver
Stanley,Stan
Stede,2
Steven,Steve
Stuart,Stew,Stewie
Theodore,Theo,Theo,Teddy,Ted
Thomas,Tom,Tommy,400
Victor,Vic,Vin
Vincent,Vince
Virgil
Wallace,Wally
Walter,Walt,Wally
Wilbur,Will,Willy
Wilfred,Will,Willy
William,Will,Willy,Bill,Billy,400
Winston,Winnie
Zachary,Zack